block_id,sub_block_id,aic_time(us),aic_total_cycles,aic_write_cache_hit,aic_write_cache_miss_allocate,aic_r0_read_cache_hit,aic_r0_read_cache_miss_allocate,aic_r1_read_cache_hit,aic_r1_read_cache_miss_allocate,aic_write_hit_rate(%),aic_read_hit_rate(%),aic_total_hit_rate(%),aiv_time(us),aiv_total_cycles,aiv_write_cache_hit,aiv_write_cache_miss_allocate,aiv_r0_read_cache_hit,aiv_r0_read_cache_miss_allocate,aiv_r1_read_cache_hit,aiv_r1_read_cache_miss_allocate,aiv_write_hit_rate(%),aiv_read_hit_rate(%),aiv_total_hit_rate(%),
0,vector0,NA,NA,NA,NA,NA,NA,NA,NA,NA,NA,NA,224.068329,403323,1,430,82,3444,88,3441,0.232019,2.409639,2.284264,
1,vector0,NA,NA,NA,NA,NA,NA,NA,NA,NA,NA,NA,227.892227,410206,1,430,84,3433,89,3449,0.232019,2.452162,2.324339,
2,vector0,NA,NA,NA,NA,NA,NA,NA,NA,NA,NA,NA,231.891113,417404,1,430,91,3447,81,3436,0.232019,2.437987,2.310981,
3,vector0,NA,NA,NA,NA,NA,NA,NA,NA,NA,NA,NA,223.271667,401889,1,430,119,3427,54,3455,0.232019,2.452162,2.324339,
4,vector0,NA,NA,NA,NA,NA,NA,NA,NA,NA,NA,NA,226.156662,407082,1,430,52,3457,121,3425,0.232019,2.452162,2.324339,
5,vector0,NA,NA,NA,NA,NA,NA,NA,NA,NA,NA,NA,227.809448,410057,1,430,93,3439,79,3444,0.232019,2.437987,2.310981,
6,vector0,NA,NA,NA,NA,NA,NA,NA,NA,NA,NA,NA,227.452774,409415,1,430,85,3438,88,3444,0.232019,2.452162,2.324339,
7,vector0,NA,NA,NA,NA,NA,NA,NA,NA,NA,NA,NA,228.579437,411443,1,430,100,3437,73,3445,0.232019,2.452162,2.324339,
8,vector0,NA,NA,NA,NA,NA,NA,NA,NA,NA,NA,NA,232.304993,418149,1,430,72,3446,100,3437,0.232019,2.437987,2.310981,
9,vector0,NA,NA,NA,NA,NA,NA,NA,NA,NA,NA,NA,226.960556,408529,1,430,72,3441,101,3441,0.232019,2.452162,2.324339,
10,vector0,NA,NA,NA,NA,NA,NA,NA,NA,NA,NA,NA,222.193329,399948,1,430,99,3443,74,3439,0.232019,2.452162,2.324339,
11,vector0,NA,NA,NA,NA,NA,NA,NA,NA,NA,NA,NA,224.335556,403804,1,430,107,3446,65,3437,0.232019,2.437987,2.310981,
12,vector0,NA,NA,NA,NA,NA,NA,NA,NA,NA,NA,NA,223.642227,402556,1,430,61,3441,112,3441,0.232019,2.452162,2.324339,
13,vector0,NA,NA,NA,NA,NA,NA,NA,NA,NA,NA,NA,226.788895,408220,1,430,64,3448,109,3434,0.232019,2.452162,2.324339,
14,vector0,NA,NA,NA,NA,NA,NA,NA,NA,NA,NA,NA,226.259995,407268,1,430,107,3436,65,3447,0.232019,2.437987,2.310981,
15,vector0,NA,NA,NA,NA,NA,NA,NA,NA,NA,NA,NA,226.192215,407146,1,430,85,3445,88,3437,0.232019,2.452162,2.324339,
16,vector0,NA,NA,NA,NA,NA,NA,NA,NA,NA,NA,NA,226.568893,407824,1,430,89,3436,84,3446,0.232019,2.452162,2.324339,
17,vector0,NA,NA,NA,NA,NA,NA,NA,NA,NA,NA,NA,226.547775,407786,1,430,51,3441,121,3442,0.232019,2.437987,2.310981,
18,vector0,NA,NA,NA,NA,NA,NA,NA,NA,NA,NA,NA,227.357224,409243,1,430,118,3445,55,3437,0.232019,2.452162,2.324339,
19,vector0,NA,NA,NA,NA,NA,NA,NA,NA,NA,NA,NA,224.327225,403789,1,430,50,3439,123,3443,0.232019,2.452162,2.324339,
20,vector0,NA,NA,NA,NA,NA,NA,NA,NA,NA,NA,NA,225.976669,406758,1,430,125,3441,47,3442,0.232019,2.437987,2.310981,
21,vector0,NA,NA,NA,NA,NA,NA,NA,NA,NA,NA,NA,226.988327,408579,1,430,43,3438,130,3444,0.232019,2.452162,2.324339,
22,vector0,NA,NA,NA,NA,NA,NA,NA,NA,NA,NA,NA,225.243896,405439,1,430,129,3445,44,3437,0.232019,2.452162,2.324339,
23,vector0,NA,NA,NA,NA,NA,NA,NA,NA,NA,NA,NA,226.853882,408337,1,430,79,3442,93,3441,0.232019,2.437987,2.310981,
24,vector0,NA,NA,NA,NA,NA,NA,NA,NA,NA,NA,NA,226.503326,407706,1,430,96,3438,77,3444,0.232019,2.452162,2.324339,
25,vector0,NA,NA,NA,NA,NA,NA,NA,NA,NA,NA,NA,225.749451,406349,1,430,123,3444,50,3438,0.232019,2.452162,2.324339,
26,vector0,NA,NA,NA,NA,NA,NA,NA,NA,NA,NA,NA,227.328888,409192,1,430,49,3439,123,3444,0.232019,2.437987,2.310981,
27,vector0,NA,NA,NA,NA,NA,NA,NA,NA,NA,NA,NA,226.723328,408102,1,430,118,3439,55,3443,0.232019,2.452162,2.324339,
28,vector0,NA,NA,NA,NA,NA,NA,NA,NA,NA,NA,NA,227.367218,409261,1,430,58,3440,115,3442,0.232019,2.452162,2.324339,
29,vector0,NA,NA,NA,NA,NA,NA,NA,NA,NA,NA,NA,227.043335,408678,1,430,53,3441,119,3442,0.232019,2.437987,2.310981,
30,vector0,NA,NA,NA,NA,NA,NA,NA,NA,NA,NA,NA,227.386108,409295,1,430,119,3442,54,3440,0.232019,2.452162,2.324339,
31,vector0,NA,NA,NA,NA,NA,NA,NA,NA,NA,NA,NA,225.557220,406003,1,430,128,3439,44,3444,0.232019,2.437987,2.310981,
32,vector0,NA,NA,NA,NA,NA,NA,NA,NA,NA,NA,NA,227.128326,408831,1,430,45,3443,128,3439,0.232019,2.452162,2.324339,
33,vector0,NA,NA,NA,NA,NA,NA,NA,NA,NA,NA,NA,223.183884,401731,1,430,54,3427,119,3455,0.232019,2.452162,2.324339,
34,vector0,NA,NA,NA,NA,NA,NA,NA,NA,NA,NA,NA,222.959442,401327,1,430,121,3453,51,3430,0.232019,2.437987,2.310981,
35,vector0,NA,NA,NA,NA,NA,NA,NA,NA,NA,NA,NA,225.281662,405507,1,430,43,3439,130,3443,0.232019,2.452162,2.324339,
36,vector0,NA,NA,NA,NA,NA,NA,NA,NA,NA,NA,NA,225.201111,405362,1,430,129,3444,44,3438,0.232019,2.452162,2.324339,
37,vector0,NA,NA,NA,NA,NA,NA,NA,NA,NA,NA,NA,225.442780,405797,1,430,95,3448,77,3435,0.232019,2.437987,2.310981,
38,vector0,NA,NA,NA,NA,NA,NA,NA,NA,NA,NA,NA,226.468338,407643,1,430,75,3437,98,3445,0.232019,2.452162,2.324339,
39,vector0,NA,NA,NA,NA,NA,NA,NA,NA,NA,NA,NA,227.031113,408656,1,430,70,3440,103,3442,0.232019,2.452162,2.324339,
40,vector0,NA,NA,NA,NA,NA,NA,NA,NA,NA,NA,NA,225.860001,406548,1,430,103,3442,69,3441,0.232019,2.437987,2.310981,
41,vector0,NA,NA,NA,NA,NA,NA,NA,NA,NA,NA,NA,225.894440,406610,1,430,79,3446,94,3436,0.232019,2.452162,2.324339,
42,vector0,NA,NA,NA,NA,NA,NA,NA,NA,NA,NA,NA,226.118896,407014,1,430,92,3438,81,3444,0.232019,2.452162,2.324339,
43,vector0,NA,NA,NA,NA,NA,NA,NA,NA,NA,NA,NA,227.511108,409520,1,430,44,3443,128,3440,0.232019,2.437987,2.310981,
44,vector0,NA,NA,NA,NA,NA,NA,NA,NA,NA,NA,NA,227.264999,409077,1,430,126,3442,47,3440,0.232019,2.452162,2.324339,
45,vector0,NA,NA,NA,NA,NA,NA,NA,NA,NA,NA,NA,226.771118,408188,1,430,59,3433,114,3449,0.232019,2.452162,2.324339,
46,vector0,NA,NA,NA,NA,NA,NA,NA,NA,NA,NA,NA,225.625549,406126,1,430,112,3451,60,3432,0.232019,2.437987,2.310981,
47,vector0,NA,NA,NA,NA,NA,NA,NA,NA,NA,NA,NA,145.623886,262123,1,270,55,2162,54,2160,0.369004,2.459941,2.339430,
